﻿<?xml version="1.0" encoding="utf-8"?>
<TextureAtlas imagePath="oldbf.png">
	<!-- Created with Adobe Animate version 21.0.4.39603 -->
	<!-- http://www.adobe.com/products/animate.html -->
	<SubTexture name="BF NOTE DOWN0000" x="0" y="0" width="346" height="349" pivotX="-16.7" pivotY="-16.65"/>
	<SubTexture name="BF NOTE DOWN0001" x="0" y="0" width="346" height="349"/>
	<SubTexture name="BF NOTE DOWN0002" x="346" y="0" width="346" height="349"/>
	<SubTexture name="BF NOTE DOWN0003" x="346" y="0" width="346" height="349"/>
	<SubTexture name="BF NOTE DOWN0004" x="346" y="0" width="346" height="349"/>
	<SubTexture name="BF NOTE DOWN0005" x="346" y="0" width="346" height="349"/>
	<SubTexture name="BF NOTE DOWN0006" x="346" y="0" width="346" height="349"/>
	<SubTexture name="BF NOTE DOWN0007" x="346" y="0" width="346" height="349"/>
	<SubTexture name="BF NOTE DOWN0008" x="346" y="0" width="346" height="349"/>
	<SubTexture name="BF NOTE DOWN0009" x="346" y="0" width="346" height="349"/>
	<SubTexture name="BF NOTE DOWN0010" x="346" y="0" width="346" height="349"/>
	<SubTexture name="BF NOTE DOWN0011" x="346" y="0" width="346" height="349"/>
	<SubTexture name="BF NOTE DOWN0012" x="346" y="0" width="346" height="349"/>
	<SubTexture name="BF NOTE DOWN0013" x="346" y="0" width="346" height="349"/>
	<SubTexture name="BF NOTE DOWN0014" x="346" y="0" width="346" height="349"/>
	<SubTexture name="BF NOTE DOWN0015" x="346" y="0" width="346" height="349"/>
	<SubTexture name="BF NOTE DOWN0016" x="346" y="0" width="346" height="349"/>
	<SubTexture name="BF NOTE DOWN0017" x="346" y="0" width="346" height="349"/>
	<SubTexture name="BF NOTE DOWN0018" x="346" y="0" width="346" height="349"/>
	<SubTexture name="BF NOTE DOWN0019" x="346" y="0" width="346" height="349"/>
	<SubTexture name="BF NOTE DOWN0020" x="346" y="0" width="346" height="349"/>
	<SubTexture name="BF NOTE DOWN0021" x="346" y="0" width="346" height="349"/>
	<SubTexture name="BF NOTE DOWN0022" x="346" y="0" width="346" height="349"/>
	<SubTexture name="BF NOTE DOWN0023" x="346" y="0" width="346" height="349"/>
	<SubTexture name="BF NOTE DOWN0024" x="346" y="0" width="346" height="349"/>
	<SubTexture name="BF NOTE DOWN0025" x="346" y="0" width="346" height="349"/>
	<SubTexture name="BF NOTE DOWN0026" x="346" y="0" width="346" height="349"/>
	<SubTexture name="BF NOTE DOWN0027" x="346" y="0" width="346" height="349"/>
	<SubTexture name="BF NOTE DOWN0028" x="346" y="0" width="346" height="349"/>
	<SubTexture name="BF NOTE DOWN0029" x="346" y="0" width="346" height="349"/>
	<SubTexture name="BF NOTE DOWN MISS0000" x="0" y="0" width="346" height="349" pivotX="-16.7" pivotY="-16.65"/>
	<SubTexture name="BF NOTE DOWN MISS0001" x="0" y="0" width="346" height="349"/>
	<SubTexture name="BF NOTE DOWN MISS0002" x="692" y="0" width="346" height="349"/>
	<SubTexture name="BF NOTE DOWN MISS0003" x="692" y="0" width="346" height="349"/>
	<SubTexture name="BF NOTE DOWN MISS0004" x="692" y="0" width="346" height="349"/>
	<SubTexture name="BF NOTE DOWN MISS0005" x="692" y="0" width="346" height="349"/>
	<SubTexture name="BF NOTE DOWN MISS0006" x="692" y="0" width="346" height="349"/>
	<SubTexture name="BF NOTE DOWN MISS0007" x="692" y="0" width="346" height="349"/>
	<SubTexture name="BF NOTE DOWN MISS0008" x="692" y="0" width="346" height="349"/>
	<SubTexture name="BF NOTE DOWN MISS0009" x="692" y="0" width="346" height="349"/>
	<SubTexture name="BF NOTE DOWN MISS0010" x="692" y="0" width="346" height="349"/>
	<SubTexture name="BF NOTE DOWN MISS0011" x="692" y="0" width="346" height="349"/>
	<SubTexture name="BF NOTE DOWN MISS0012" x="692" y="0" width="346" height="349"/>
	<SubTexture name="BF NOTE DOWN MISS0013" x="692" y="0" width="346" height="349"/>
	<SubTexture name="BF NOTE DOWN MISS0014" x="692" y="0" width="346" height="349"/>
	<SubTexture name="BF NOTE DOWN MISS0015" x="692" y="0" width="346" height="349"/>
	<SubTexture name="BF NOTE DOWN MISS0016" x="692" y="0" width="346" height="349"/>
	<SubTexture name="BF NOTE DOWN MISS0017" x="692" y="0" width="346" height="349"/>
	<SubTexture name="BF NOTE DOWN MISS0018" x="692" y="0" width="346" height="349"/>
	<SubTexture name="BF NOTE DOWN MISS0019" x="692" y="0" width="346" height="349"/>
	<SubTexture name="BF NOTE DOWN MISS0020" x="692" y="0" width="346" height="349"/>
	<SubTexture name="BF NOTE DOWN MISS0021" x="692" y="0" width="346" height="349"/>
	<SubTexture name="BF NOTE DOWN MISS0022" x="692" y="0" width="346" height="349"/>
	<SubTexture name="BF NOTE DOWN MISS0023" x="692" y="0" width="346" height="349"/>
	<SubTexture name="BF NOTE DOWN MISS0024" x="692" y="0" width="346" height="349"/>
	<SubTexture name="BF NOTE DOWN MISS0025" x="692" y="0" width="346" height="349"/>
	<SubTexture name="BF NOTE DOWN MISS0026" x="692" y="0" width="346" height="349"/>
	<SubTexture name="BF NOTE DOWN MISS0027" x="692" y="0" width="346" height="349"/>
	<SubTexture name="BF NOTE DOWN MISS0028" x="692" y="0" width="346" height="349"/>
	<SubTexture name="BF NOTE DOWN MISS0029" x="692" y="0" width="346" height="349"/>
	<SubTexture name="BF NOTE LEFT0000" x="1038" y="0" width="371" height="395" pivotX="-290.4" pivotY="193.6"/>
	<SubTexture name="BF NOTE LEFT0001" x="1038" y="0" width="371" height="395"/>
	<SubTexture name="BF NOTE LEFT0002" x="1409" y="0" width="371" height="395"/>
	<SubTexture name="BF NOTE LEFT0003" x="1409" y="0" width="371" height="395"/>
	<SubTexture name="BF NOTE LEFT0004" x="1409" y="0" width="371" height="395"/>
	<SubTexture name="BF NOTE LEFT0005" x="1409" y="0" width="371" height="395"/>
	<SubTexture name="BF NOTE LEFT0006" x="1409" y="0" width="371" height="395"/>
	<SubTexture name="BF NOTE LEFT0007" x="1409" y="0" width="371" height="395"/>
	<SubTexture name="BF NOTE LEFT0008" x="1409" y="0" width="371" height="395"/>
	<SubTexture name="BF NOTE LEFT0009" x="1409" y="0" width="371" height="395"/>
	<SubTexture name="BF NOTE LEFT0010" x="1409" y="0" width="371" height="395"/>
	<SubTexture name="BF NOTE LEFT0011" x="1409" y="0" width="371" height="395"/>
	<SubTexture name="BF NOTE LEFT0012" x="1409" y="0" width="371" height="395"/>
	<SubTexture name="BF NOTE LEFT0013" x="1409" y="0" width="371" height="395"/>
	<SubTexture name="BF NOTE LEFT0014" x="1409" y="0" width="371" height="395"/>
	<SubTexture name="BF NOTE LEFT MISS0000" x="1038" y="0" width="371" height="395" pivotX="-290.4" pivotY="193.6"/>
	<SubTexture name="BF NOTE LEFT MISS0001" x="1038" y="0" width="371" height="395"/>
	<SubTexture name="BF NOTE LEFT MISS0002" x="0" y="395" width="371" height="395"/>
	<SubTexture name="BF NOTE LEFT MISS0003" x="0" y="395" width="371" height="395"/>
	<SubTexture name="BF NOTE LEFT MISS0004" x="0" y="395" width="371" height="395"/>
	<SubTexture name="BF NOTE LEFT MISS0005" x="0" y="395" width="371" height="395"/>
	<SubTexture name="BF NOTE LEFT MISS0006" x="0" y="395" width="371" height="395"/>
	<SubTexture name="BF NOTE LEFT MISS0007" x="0" y="395" width="371" height="395"/>
	<SubTexture name="BF NOTE LEFT MISS0008" x="0" y="395" width="371" height="395"/>
	<SubTexture name="BF NOTE LEFT MISS0009" x="0" y="395" width="371" height="395"/>
	<SubTexture name="BF NOTE LEFT MISS0010" x="0" y="395" width="371" height="395"/>
	<SubTexture name="BF NOTE LEFT MISS0011" x="0" y="395" width="371" height="395"/>
	<SubTexture name="BF NOTE LEFT MISS0012" x="0" y="395" width="371" height="395"/>
	<SubTexture name="BF NOTE LEFT MISS0013" x="0" y="395" width="371" height="395"/>
	<SubTexture name="BF NOTE LEFT MISS0014" x="1409" y="0" width="371" height="395"/>
	<SubTexture name="BF NOTE RIGHT0000" x="371" y="395" width="380" height="393" pivotX="-352.3" pivotY="191.3"/>
	<SubTexture name="BF NOTE RIGHT0001" x="371" y="395" width="380" height="393"/>
	<SubTexture name="BF NOTE RIGHT0002" x="751" y="395" width="380" height="393"/>
	<SubTexture name="BF NOTE RIGHT0003" x="751" y="395" width="380" height="393"/>
	<SubTexture name="BF NOTE RIGHT0004" x="751" y="395" width="380" height="393"/>
	<SubTexture name="BF NOTE RIGHT0005" x="751" y="395" width="380" height="393"/>
	<SubTexture name="BF NOTE RIGHT0006" x="751" y="395" width="380" height="393"/>
	<SubTexture name="BF NOTE RIGHT0007" x="751" y="395" width="380" height="393"/>
	<SubTexture name="BF NOTE RIGHT0008" x="751" y="395" width="380" height="393"/>
	<SubTexture name="BF NOTE RIGHT0009" x="751" y="395" width="380" height="393"/>
	<SubTexture name="BF NOTE RIGHT0010" x="751" y="395" width="380" height="393"/>
	<SubTexture name="BF NOTE RIGHT0011" x="751" y="395" width="380" height="393"/>
	<SubTexture name="BF NOTE RIGHT0012" x="751" y="395" width="380" height="393"/>
	<SubTexture name="BF NOTE RIGHT0013" x="751" y="395" width="380" height="393"/>
	<SubTexture name="BF NOTE RIGHT0014" x="751" y="395" width="380" height="393"/>
	<SubTexture name="BF NOTE RIGHT0015" x="751" y="395" width="380" height="393"/>
	<SubTexture name="BF NOTE RIGHT0016" x="751" y="395" width="380" height="393"/>
	<SubTexture name="BF NOTE RIGHT0017" x="751" y="395" width="380" height="393"/>
	<SubTexture name="BF NOTE RIGHT0018" x="751" y="395" width="380" height="393"/>
	<SubTexture name="BF NOTE RIGHT0019" x="751" y="395" width="380" height="393"/>
	<SubTexture name="BF NOTE RIGHT0020" x="751" y="395" width="380" height="393"/>
	<SubTexture name="BF NOTE RIGHT0021" x="751" y="395" width="380" height="393"/>
	<SubTexture name="BF NOTE RIGHT0022" x="751" y="395" width="380" height="393"/>
	<SubTexture name="BF NOTE RIGHT0023" x="751" y="395" width="380" height="393"/>
	<SubTexture name="BF NOTE RIGHT0024" x="751" y="395" width="380" height="393"/>
	<SubTexture name="BF NOTE RIGHT0025" x="751" y="395" width="380" height="393"/>
	<SubTexture name="BF NOTE RIGHT0026" x="751" y="395" width="380" height="393"/>
	<SubTexture name="BF NOTE RIGHT0027" x="751" y="395" width="380" height="393"/>
	<SubTexture name="BF NOTE RIGHT0028" x="751" y="395" width="380" height="393"/>
	<SubTexture name="BF NOTE RIGHT0029" x="751" y="395" width="380" height="393"/>
	<SubTexture name="BF NOTE RIGHT0030" x="751" y="395" width="380" height="393"/>
	<SubTexture name="BF NOTE RIGHT0031" x="751" y="395" width="380" height="393"/>
	<SubTexture name="BF NOTE RIGHT0032" x="751" y="395" width="380" height="393"/>
	<SubTexture name="BF NOTE RIGHT0033" x="751" y="395" width="380" height="393"/>
	<SubTexture name="BF NOTE RIGHT0034" x="751" y="395" width="380" height="393"/>
	<SubTexture name="BF NOTE RIGHT0035" x="751" y="395" width="380" height="393"/>
	<SubTexture name="BF NOTE RIGHT0036" x="751" y="395" width="380" height="393"/>
	<SubTexture name="BF NOTE RIGHT0037" x="751" y="395" width="380" height="393"/>
	<SubTexture name="BF NOTE RIGHT0038" x="751" y="395" width="380" height="393"/>
	<SubTexture name="BF NOTE RIGHT0039" x="751" y="395" width="380" height="393"/>
	<SubTexture name="BF NOTE RIGHT0040" x="751" y="395" width="380" height="393"/>
	<SubTexture name="BF NOTE RIGHT0041" x="751" y="395" width="380" height="393"/>
	<SubTexture name="BF NOTE RIGHT0042" x="751" y="395" width="380" height="393"/>
	<SubTexture name="BF NOTE RIGHT0043" x="751" y="395" width="380" height="393"/>
	<SubTexture name="BF NOTE RIGHT0044" x="751" y="395" width="380" height="393"/>
	<SubTexture name="BF NOTE RIGHT0045" x="751" y="395" width="380" height="393"/>
	<SubTexture name="BF NOTE RIGHT0046" x="751" y="395" width="380" height="393"/>
	<SubTexture name="BF NOTE RIGHT0047" x="751" y="395" width="380" height="393"/>
	<SubTexture name="BF NOTE RIGHT0048" x="751" y="395" width="380" height="393"/>
	<SubTexture name="BF NOTE RIGHT0049" x="751" y="395" width="380" height="393"/>
	<SubTexture name="BF NOTE RIGHT0050" x="751" y="395" width="380" height="393"/>
	<SubTexture name="BF NOTE RIGHT0051" x="751" y="395" width="380" height="393"/>
	<SubTexture name="BF NOTE RIGHT0052" x="751" y="395" width="380" height="393"/>
	<SubTexture name="BF NOTE RIGHT0053" x="751" y="395" width="380" height="393"/>
	<SubTexture name="BF NOTE RIGHT0054" x="751" y="395" width="380" height="393"/>
	<SubTexture name="BF NOTE RIGHT0055" x="751" y="395" width="380" height="393"/>
	<SubTexture name="BF NOTE RIGHT0056" x="751" y="395" width="380" height="393"/>
	<SubTexture name="BF NOTE RIGHT0057" x="751" y="395" width="380" height="393"/>
	<SubTexture name="BF NOTE RIGHT0058" x="751" y="395" width="380" height="393"/>
	<SubTexture name="BF NOTE RIGHT0059" x="751" y="395" width="380" height="393"/>
	<SubTexture name="BF NOTE RIGHT0060" x="751" y="395" width="380" height="393"/>
	<SubTexture name="BF NOTE RIGHT0061" x="751" y="395" width="380" height="393"/>
	<SubTexture name="BF NOTE RIGHT MISS0000" x="371" y="395" width="380" height="393" pivotX="-352.3" pivotY="191.3"/>
	<SubTexture name="BF NOTE RIGHT MISS0001" x="371" y="395" width="380" height="393"/>
	<SubTexture name="BF NOTE RIGHT MISS0002" x="1131" y="395" width="380" height="393"/>
	<SubTexture name="BF NOTE RIGHT MISS0003" x="1131" y="395" width="380" height="393"/>
	<SubTexture name="BF NOTE RIGHT MISS0004" x="1131" y="395" width="380" height="393"/>
	<SubTexture name="BF NOTE RIGHT MISS0005" x="1131" y="395" width="380" height="393"/>
	<SubTexture name="BF NOTE RIGHT MISS0006" x="1131" y="395" width="380" height="393"/>
	<SubTexture name="BF NOTE RIGHT MISS0007" x="1131" y="395" width="380" height="393"/>
	<SubTexture name="BF NOTE RIGHT MISS0008" x="1131" y="395" width="380" height="393"/>
	<SubTexture name="BF NOTE RIGHT MISS0009" x="1131" y="395" width="380" height="393"/>
	<SubTexture name="BF NOTE RIGHT MISS0010" x="1131" y="395" width="380" height="393"/>
	<SubTexture name="BF NOTE RIGHT MISS0011" x="1131" y="395" width="380" height="393"/>
	<SubTexture name="BF NOTE RIGHT MISS0012" x="1131" y="395" width="380" height="393"/>
	<SubTexture name="BF NOTE RIGHT MISS0013" x="1131" y="395" width="380" height="393"/>
	<SubTexture name="BF NOTE RIGHT MISS0014" x="1131" y="395" width="380" height="393"/>
	<SubTexture name="BF NOTE RIGHT MISS0015" x="1131" y="395" width="380" height="393"/>
	<SubTexture name="BF NOTE RIGHT MISS0016" x="1131" y="395" width="380" height="393"/>
	<SubTexture name="BF NOTE RIGHT MISS0017" x="1131" y="395" width="380" height="393"/>
	<SubTexture name="BF NOTE RIGHT MISS0018" x="1131" y="395" width="380" height="393"/>
	<SubTexture name="BF NOTE RIGHT MISS0019" x="1131" y="395" width="380" height="393"/>
	<SubTexture name="BF NOTE RIGHT MISS0020" x="1131" y="395" width="380" height="393"/>
	<SubTexture name="BF NOTE RIGHT MISS0021" x="1131" y="395" width="380" height="393"/>
	<SubTexture name="BF NOTE RIGHT MISS0022" x="1131" y="395" width="380" height="393"/>
	<SubTexture name="BF NOTE RIGHT MISS0023" x="1131" y="395" width="380" height="393"/>
	<SubTexture name="BF NOTE RIGHT MISS0024" x="1131" y="395" width="380" height="393"/>
	<SubTexture name="BF NOTE RIGHT MISS0025" x="1131" y="395" width="380" height="393"/>
	<SubTexture name="BF NOTE RIGHT MISS0026" x="1131" y="395" width="380" height="393"/>
	<SubTexture name="BF NOTE RIGHT MISS0027" x="1131" y="395" width="380" height="393"/>
	<SubTexture name="BF NOTE RIGHT MISS0028" x="1131" y="395" width="380" height="393"/>
	<SubTexture name="BF NOTE RIGHT MISS0029" x="1131" y="395" width="380" height="393"/>
	<SubTexture name="BF NOTE RIGHT MISS0030" x="1131" y="395" width="380" height="393"/>
	<SubTexture name="BF NOTE RIGHT MISS0031" x="1131" y="395" width="380" height="393"/>
	<SubTexture name="BF NOTE RIGHT MISS0032" x="1131" y="395" width="380" height="393"/>
	<SubTexture name="BF NOTE RIGHT MISS0033" x="1131" y="395" width="380" height="393"/>
	<SubTexture name="BF NOTE RIGHT MISS0034" x="1131" y="395" width="380" height="393"/>
	<SubTexture name="BF NOTE RIGHT MISS0035" x="1131" y="395" width="380" height="393"/>
	<SubTexture name="BF NOTE RIGHT MISS0036" x="1131" y="395" width="380" height="393"/>
	<SubTexture name="BF NOTE RIGHT MISS0037" x="1131" y="395" width="380" height="393"/>
	<SubTexture name="BF NOTE RIGHT MISS0038" x="1131" y="395" width="380" height="393"/>
	<SubTexture name="BF NOTE RIGHT MISS0039" x="1131" y="395" width="380" height="393"/>
	<SubTexture name="BF NOTE RIGHT MISS0040" x="1131" y="395" width="380" height="393"/>
	<SubTexture name="BF NOTE RIGHT MISS0041" x="1131" y="395" width="380" height="393"/>
	<SubTexture name="BF NOTE RIGHT MISS0042" x="1131" y="395" width="380" height="393"/>
	<SubTexture name="BF NOTE RIGHT MISS0043" x="1131" y="395" width="380" height="393"/>
	<SubTexture name="BF NOTE RIGHT MISS0044" x="1131" y="395" width="380" height="393"/>
	<SubTexture name="BF NOTE RIGHT MISS0045" x="1131" y="395" width="380" height="393"/>
	<SubTexture name="BF NOTE RIGHT MISS0046" x="1131" y="395" width="380" height="393"/>
	<SubTexture name="BF NOTE RIGHT MISS0047" x="1131" y="395" width="380" height="393"/>
	<SubTexture name="BF NOTE RIGHT MISS0048" x="1131" y="395" width="380" height="393"/>
	<SubTexture name="BF NOTE RIGHT MISS0049" x="1131" y="395" width="380" height="393"/>
	<SubTexture name="BF NOTE RIGHT MISS0050" x="1131" y="395" width="380" height="393"/>
	<SubTexture name="BF NOTE RIGHT MISS0051" x="1131" y="395" width="380" height="393"/>
	<SubTexture name="BF NOTE RIGHT MISS0052" x="1131" y="395" width="380" height="393"/>
	<SubTexture name="BF NOTE RIGHT MISS0053" x="1131" y="395" width="380" height="393"/>
	<SubTexture name="BF NOTE RIGHT MISS0054" x="1131" y="395" width="380" height="393"/>
	<SubTexture name="BF NOTE RIGHT MISS0055" x="1131" y="395" width="380" height="393"/>
	<SubTexture name="BF NOTE RIGHT MISS0056" x="1131" y="395" width="380" height="393"/>
	<SubTexture name="BF NOTE RIGHT MISS0057" x="1131" y="395" width="380" height="393"/>
	<SubTexture name="BF NOTE RIGHT MISS0058" x="1131" y="395" width="380" height="393"/>
	<SubTexture name="BF NOTE RIGHT MISS0059" x="1131" y="395" width="380" height="393"/>
	<SubTexture name="BF NOTE RIGHT MISS0060" x="1131" y="395" width="380" height="393"/>
	<SubTexture name="BF NOTE RIGHT MISS0061" x="1131" y="395" width="380" height="393"/>
	<SubTexture name="BF NOTE UP0000" x="1511" y="395" width="365" height="436" pivotX="-29.3" pivotY="-37.65"/>
	<SubTexture name="BF NOTE UP0001" x="1511" y="395" width="365" height="436"/>
	<SubTexture name="BF NOTE UP0002" x="0" y="831" width="365" height="436"/>
	<SubTexture name="BF NOTE UP0003" x="0" y="831" width="365" height="436"/>
	<SubTexture name="BF NOTE UP0004" x="0" y="831" width="365" height="436"/>
	<SubTexture name="BF NOTE UP0005" x="0" y="831" width="365" height="436"/>
	<SubTexture name="BF NOTE UP0006" x="0" y="831" width="365" height="436"/>
	<SubTexture name="BF NOTE UP0007" x="0" y="831" width="365" height="436"/>
	<SubTexture name="BF NOTE UP0008" x="0" y="831" width="365" height="436"/>
	<SubTexture name="BF NOTE UP0009" x="0" y="831" width="365" height="436"/>
	<SubTexture name="BF NOTE UP0010" x="0" y="831" width="365" height="436"/>
	<SubTexture name="BF NOTE UP0011" x="0" y="831" width="365" height="436"/>
	<SubTexture name="BF NOTE UP0012" x="0" y="831" width="365" height="436"/>
	<SubTexture name="BF NOTE UP0013" x="0" y="831" width="365" height="436"/>
	<SubTexture name="BF NOTE UP0014" x="0" y="831" width="365" height="436"/>
	<SubTexture name="BF NOTE UP MISS0000" x="1511" y="395" width="365" height="436" pivotX="-29.3" pivotY="-37.65"/>
	<SubTexture name="BF NOTE UP MISS0001" x="1511" y="395" width="365" height="436"/>
	<SubTexture name="BF NOTE UP MISS0002" x="365" y="831" width="365" height="436"/>
	<SubTexture name="BF NOTE UP MISS0003" x="365" y="831" width="365" height="436"/>
	<SubTexture name="BF NOTE UP MISS0004" x="365" y="831" width="365" height="436"/>
	<SubTexture name="BF NOTE UP MISS0005" x="365" y="831" width="365" height="436"/>
	<SubTexture name="BF NOTE UP MISS0006" x="365" y="831" width="365" height="436"/>
	<SubTexture name="BF NOTE UP MISS0007" x="365" y="831" width="365" height="436"/>
	<SubTexture name="BF NOTE UP MISS0008" x="365" y="831" width="365" height="436"/>
	<SubTexture name="BF NOTE UP MISS0009" x="365" y="831" width="365" height="436"/>
	<SubTexture name="BF NOTE UP MISS0010" x="365" y="831" width="365" height="436"/>
	<SubTexture name="BF NOTE UP MISS0011" x="365" y="831" width="365" height="436"/>
	<SubTexture name="BF NOTE UP MISS0012" x="365" y="831" width="365" height="436"/>
	<SubTexture name="BF NOTE UP MISS0013" x="365" y="831" width="365" height="436"/>
	<SubTexture name="BF NOTE UP MISS0014" x="365" y="831" width="365" height="436"/>
	<SubTexture name="BF idle dance0000" x="730" y="831" width="393" height="400" pivotX="-294.1" pivotY="198.8"/>
	<SubTexture name="BF idle dance0001" x="730" y="831" width="393" height="400"/>
	<SubTexture name="BF idle dance0002" x="1123" y="831" width="393" height="400"/>
	<SubTexture name="BF idle dance0003" x="1123" y="831" width="393" height="400"/>
	<SubTexture name="BF idle dance0004" x="1516" y="831" width="393" height="400"/>
	<SubTexture name="BF idle dance0005" x="1516" y="831" width="393" height="400"/>
	<SubTexture name="BF idle dance0006" x="0" y="1267" width="393" height="400"/>
	<SubTexture name="BF idle dance0007" x="0" y="1267" width="393" height="400"/>
	<SubTexture name="BF idle dance0008" x="393" y="1267" width="393" height="400"/>
	<SubTexture name="BF idle dance0009" x="393" y="1267" width="393" height="400"/>
	<SubTexture name="BF idle dance0010" x="393" y="1267" width="393" height="400"/>
	<SubTexture name="BF idle dance0011" x="393" y="1267" width="393" height="400"/>
	<SubTexture name="BF idle dance0012" x="393" y="1267" width="393" height="400"/>
	<SubTexture name="BF idle dance0013" x="393" y="1267" width="393" height="400"/>
</TextureAtlas>
