﻿<?xml version="1.0" encoding="utf-8"?>
<TextureAtlas imagePath="oldedd.png">
	<!-- Created with Adobe Animate version 21.0.4.39603 -->
	<!-- http://www.adobe.com/products/animate.html -->
	<SubTexture name="oldedd0000" x="0" y="0" width="266" height="551" pivotX="28.55" pivotY="-127.25"/>
	<SubTexture name="oldedd0001" x="266" y="0" width="266" height="551"/>
	<SubTexture name="oldedd0002" x="532" y="0" width="266" height="551"/>
	<SubTexture name="oldedd0003" x="798" y="0" width="266" height="551"/>
	<SubTexture name="oldedd0004" x="1064" y="0" width="266" height="551"/>
	<SubTexture name="oldedd0005" x="1330" y="0" width="266" height="551"/>
	<SubTexture name="oldedd0006" x="1330" y="0" width="266" height="551"/>
	<SubTexture name="oldedd0007" x="1330" y="0" width="266" height="551"/>
	<SubTexture name="oldedd0008" x="1330" y="0" width="266" height="551"/>
	<SubTexture name="oldedd0009" x="1330" y="0" width="266" height="551"/>
	<SubTexture name="oldedd0010" x="1330" y="0" width="266" height="551"/>
	<SubTexture name="oldedd0011" x="1330" y="0" width="266" height="551"/>
	<SubTexture name="oldedd0012" x="1330" y="0" width="266" height="551"/>
	<SubTexture name="oldedd0013" x="1330" y="0" width="266" height="551"/>
</TextureAtlas>
