﻿<?xml version="1.0" encoding="utf-8"?>
<TextureAtlas imagePath="oldtom.png">
	<!-- Created with Adobe Animate version 21.0.4.39603 -->
	<!-- http://www.adobe.com/products/animate.html -->
	<SubTexture name="oldtom0000" x="0" y="0" width="266" height="643" pivotX="28.55" pivotY="-35.4"/>
	<SubTexture name="oldtom0001" x="266" y="0" width="266" height="643"/>
	<SubTexture name="oldtom0002" x="532" y="0" width="266" height="643"/>
	<SubTexture name="oldtom0003" x="798" y="0" width="266" height="643"/>
	<SubTexture name="oldtom0004" x="1064" y="0" width="266" height="643"/>
	<SubTexture name="oldtom0005" x="1330" y="0" width="266" height="643"/>
	<SubTexture name="oldtom0006" x="1330" y="0" width="266" height="643"/>
	<SubTexture name="oldtom0007" x="1330" y="0" width="266" height="643"/>
	<SubTexture name="oldtom0008" x="1330" y="0" width="266" height="643"/>
	<SubTexture name="oldtom0009" x="1330" y="0" width="266" height="643"/>
	<SubTexture name="oldtom0010" x="1330" y="0" width="266" height="643"/>
	<SubTexture name="oldtom0011" x="1330" y="0" width="266" height="643"/>
	<SubTexture name="oldtom0012" x="1330" y="0" width="266" height="643"/>
	<SubTexture name="oldtom0013" x="1330" y="0" width="266" height="643"/>
</TextureAtlas>
